field_id,field_url,Code,Rue,Localité,Synthétique,Stabilisé,Situation,Acces voiture
A01,https://www.abssa.org/terrain/A01,A01 (ANDERLECHT                                                  ),Avenue d'Itterbeek,1070 Anderlecht,False,False,BON AIR,"Par le Ring Ouest, direction Paris, sortie Westland Shopping Center (n° 14) continuer tout droit, remonter vers le Ring et prendre à droite pour sortir vers Itterbeek. Prendre l'avenue d'Itterbeek au parc d'Anderlecht, passer le ring, reste 2 km. Le terrain se trouve à gauche, entre l'école Van Belle et Veeweyde."
A02,https://www.abssa.org/terrain/A02,A02 (ANDERLECHT                                                  ),Drève Olympique,1070 Anderlecht,False,False,STADE JESSE OWENS,"Par le ring Ouest, direction Paris, sortie 15 (Pede), prendre à droite puis 1ére à gauche rue de Neerpede. Au rond-point, suivre les flèches ""Déviation"" et faire le tour du lac (par la rue de Neerpede, la rue du Chaudron, la rue des poulets et la rue Scholle). On revient sur le 2éme rond-point (drève olympique) et prendre directement à droite. Le terrain se trouve en face de la piste de ski.
Par le ring direction Bruxelles, sortie Lennik-Erasme, passer le premier rondpoint et après 2ààm, prendre à droite la rue Scholle (indication : Amicale Golf Club). Longer le golf jusqu'au rondpoint (drève olympique) et prendre directement à droite. le terrain se trouve
en face de la piste de ski."
A03,https://www.abssa.org/terrain/A03,A03 (ANDERLECHT                                                  ),"Route de Lennik, 1015",1070 Anderlecht,False,False,COMPLEXE SPORTIF DE SAINT GILLES (BARKA),"Ring, sortie Hopital Erasme, après 300 m. en direction de Lennik, prendre à droite.
Venant de la chaussée de Mons, carrefour Av. Fr. Van Kalken, Bld. A. Briand, place Verdi, Bld. Théo Lambert, Bld. M. Carème, après l'hopital Erasme 400 m. en direction de Lennik."
A04,https://www.abssa.org/terrain/A04,A04 (ANDERLECHT                                                  ),"Chaussée de Mons, 1421",1070 Anderlecht,False,False,INSTITUT SAINT NICOLAS,"Par la chaussée de Mons, direction Halle, entrée au n° 1421 (à droite) en face de l'usine Coca Cola."
A05,https://www.abssa.org/terrain/A05,A05 (ANDERLECHT                                                  ),"Route de Lennik, 57",1070 Anderlecht,False,False,LA ROUE,"Par la chaussée de Mons, direction Halle, ensuite prendre la Route de Lennik.
L'entrée du complexe est située Rue Pierre Schlosser, 31."
A06,https://www.abssa.org/terrain/A06,A06 (ANDERLECHT                                                  ),"Rue du Transvaal, 39-41",1070 Bruxelles,True,False,STADE VERCAUTEREN,"En partant de la gare du Midi par l'avenue Fonsny en direction de Forest, prendre la première rue à droite (pont du chemin de fer) pour aller rejoindre la rue des Vétérinaires. Dans la rue des Vétérinaires, au rond-point, prendre la 3ème sortie (rue Emile Carpentier, puis la première à droite la rue du Transvaal."
A08,https://www.abssa.org/terrain/A08,A08 (ANDERLECHT                                                  ),Boulevard Théo Lambert,1070 Anderlecht,True,False,STADE VERDI (STADIUM),"Via la chaussée de Mons jusqu'à Veeweyde (carrefour Fr. Van Kalken). Prendre à droite le boulevard  A. Briand jusqu'à la Place Verdi, puis le Bld. Théo Lambert."
A09,https://www.abssa.org/terrain/A09,A09 (ANDERLECHT                                                  ),Rue du Chant d'Oiseau,1070 Anderlecht,False,False,COMPLEXE DU VOGELENZANG,"En venant de la Route de Lennik (Citroën) ou de la Chaussée de Mons (Ikea), prendre la direction du cimetière d'Anderlecht, emprunter le Boulevard Josse Leemans, au rond-point prendre la sortie pour la rue du Chant d'Oiseaux (Vogelenzang). L'entrée du complexe et des terrains se situe à +/- 500 m. sur la gauche."
A10,https://www.abssa.org/terrain/A10,A10 (AUDERGHEM                                                   ),"Chaussée de Wavre, 2057",1160 Auderghem,False,False,COMPLEXE DE L'ADEPS,L'accès au terrain se fait à partir du n° 2057 de la chaussée de Wavre (en face du stade communal d'Auderghem). L'accès au terrain se fait par l'arrière du bâtiment principal (où sont situés les vestiaires) il faut parcourir environ 300 mètres avant d'atteindre le terrain de football situé après la piste d'athlétisme et le terrain de hockey.
A11,https://www.abssa.org/terrain/A11,A11 (AUDERGHEM                                                   ),"Chaussée de Wavre, 1854",1160 Auderghem,False,False,COMPLEXE COMMUNAL,"En venant de Bruxelles par la chaussée de Wavre, rejoindre le du début de l'autoroute Bruxelles-Namur, utiliser la bande de droite pendant +/- 200 m. et descendre devant le bâtiment de l'ADEPS, puis passer par le tunnel à gauche (en dessous de l'autoroute). Le terrain se trouve à 200 m. Le stade est fléché."
A12,https://www.abssa.org/terrain/A12,A12 (ARQUENNES                                                   ),Rue Omer Lion,7181 Arquennes,False,False,STADE COMMUNAL A. PLENNEVAUX,"Autoroute E 19 (Bruxelles-Charleroi), sortie Arquennes. Direction Seneffe-La-Louvière. A la station d'essence Total, prendre à droite pendant +/- 700 mètres.
Au rond point, prendre à droite en direction du château de La Rocq, passez sous le pont, le terrain se trouve à 100 mètres (à proximité du cimetière)."
B01,https://www.abssa.org/terrain/B01,B01 (BIERGES                                                     ),Rue des Combattants,1301 Bierges,False,False,COMPLEXE SPORTIF J. COLETTE,"Autoroute Bruxelles-Namur, sortie Bierges, prendre à droite, le terrain se trouve à +/- 500 m. du côté droit."
B02,https://www.abssa.org/terrain/B02,B02 (BIERGHES-REBECQ                                             ),"Rue du Sartiau, 3B",1430 Bierghes-Rebecq,False,False,,"Autoroute Bruxelles-Charleroi (E19), prendre la sortie Halle-Tournai-Lille (n° 21) pour rejoindre l'autoroute Tournai-Lille, ancienne route A8 (E429). Prendre la sortie Rebecq-Quenast (n° 24). En bas de la sortie, prendre à droite, direction Bierghes. Rouler tout droit jusqu'au premier feu rouge. Tourner à droite en direction de Halle, ensuite la deuxième rue à droite (rue du Sartiau), ensuite à gauche. Le terrain se trouve à 300 m."
B03,https://www.abssa.org/terrain/B03,B03 (BRAINE-L'ALLEUD                                             ),Boulevard de l'Europe,1420 Braine - l'Alleud,False,False,STADE GASTON REIFF,"En venant de Bruxelles, emprunter la chaussée de Bruxelles ou de Waterloo jusqu'au magasin ""Carrefour"". Au dit carrefour (Mont-St.-Jean) prendre la direction Nivelles. Sur cette chaussée, au deuxième feu de signalisation, prendre à droite, le terrain se trouve à 500 m. et est fléché."
B04,https://www.abssa.org/terrain/B04,B04 (BRAINE-LE-CHATEAU                                           ),Rue de Tubize,1440 Braine-Le-Chateau,False,False,E.S. BRAINOISE,"Autoroute Bruxelles-Mons, sortie Wauthier-Braine, direction Tubize. Le terrain se trouve sur la route de Tubize à droite après la Grande Place de Braine-Le-Chateau."
B05,https://www.abssa.org/terrain/B05,B05 (BRUXELLES-HAEREN                                            ),Rue de la Paroisse,1130 Haeren,True,False,,"Chaussée de Haecht, vers Diegem. Prendre la rue Harenheyde à gauche, juste au feu de signalisation, après la station ""JET"", situé à gauche. Entrée du stade par la rue Harenheyde, 100 m. au-delà du pont du chemin de fer."
B06,https://www.abssa.org/terrain/B06,B06 (BRUXELLES-HAEREN                                            ),Rue du Biplan,1130 Haeren,False,False,COMPLEXE SPORTIF DE LA S.T.I.B.,"Ring Ouest, sortie Brussel-Evere-Zaventem Luchthaven (il n'y a pas de numéro de sortie car l'autoroute continue presque jusque devant l'OTAN) , suivre direction Evere, prendre à droite au 2ème feu de signalisation (Avenue Jules Bordet). Passer le feu de signalisation du croisement avec la chaussée de Haecht. Prendre la 2ème rue à main droite (impossible de continuer tout droit) rue de Verdun et suivre les indications ""Centre Sportif de la STIB - Sportcomplex STIB"" (1ère rue à main droite est la rue du Biplan).
De la Place Meiser-Bld. Léopold III. Au 5ème feu de signalisation (bâtiment I.N.G.) prendre à gauche l' Avenue Bordet et ensuite la 1ère rue à droite après le carrefour de la chaussée d'Haecht."
B07,https://www.abssa.org/terrain/B07,B07 (BRUXELLES                                                   ),Avenue de Bouchout (Atomium),1020 Bruxelles,False,False,HEYSEL - ANNEXE 3,"Ring de Bruxelles, Sortie Wemmel, prendre l'Avenue Houba de Strooper, puis la rue à gauche, avant le bâtiment de l'URBSFA, direction Atomium."
B08,https://www.abssa.org/terrain/B08,B08 (BRUX.-NEDER OVER HEEMBEEK                                   ),"Petit Chemin Vert, 99",1120 Neder-Over-Heembeek,False,False,PETIT CHEMIN VERT,"Pont de Laeken, Chaussée de Vilvorde, vers Neder-Over-Heembeek, prendre l' Avenue des Croix de Guerre jusqu'au rond-point, tout droit Chemin Vert, puis première à gauche, Petit Chemin Vert, terrain à 300 m."
B09,https://www.abssa.org/terrain/B09,B09 (BRUX.-NEDER OVER HEEMBEEK                                   ),"Avenue des Croix de Guerre, 3",1120 Neder-Over-Heembeek,False,False,"COMPLEXE DU ""BLACKSTAR""","A partir du Pont Van Praet, prendre la Chaussée de Vilvorde et ensuite la première rue à gauche, rue Général Biebuyck, puis première à gauche, Avenue des Croix de Guerre."
B10,https://www.abssa.org/terrain/B10,B10 (BRAINE L'ALLEUD                                             ),"Chaussé de Mont Saint Jean, 83",1420 Braine l'Alleud,False,False,COLLEGE CARDINAL MERCIER,"En venant de Bruxelles, emprunter la Chaussée de Bruxelles jusqu'au magasin ""Carrefour de Mont Saint Jean (Mac Donald). Au rond point, prendre la 3ème sortie vers Braine l'Alleud, puis à droite la Chaussée de Mont Saint Jean."
B11,https://www.abssa.org/terrain/B11,B11 (BRAINE-LE-COMTE                                             ),"Rue du Poseur, 39",7090 Braine-Le-Comte,False,False,,"En venant de Bruxelles : Autoroute Tournai - Lille (A8), prendre la sortie n° 24, direction Rebecq, puis la N 6 Bruxelles-Mons en direction de Mons. Entrer dans l'agglomération de Braine-Le-Comte et prendre la 1ère rue à droite, le terrain se situe au bout de la rue.
En venant de Nivelles : Prendre la N533, Nivelles/Braine-Le-Comte. Entrer dans l'agglomération de Braine-Le-Comte et suivre la direction de Bruxelles (N 6 Mons-Bruxelles), prendre la 1ère rue à gauche, le terrain se situe au bout de la rue."
B12,https://www.abssa.org/terrain/B12,B12 (BOORTMEERBEEK                                               ),"Sportveldweg, 6",3190 Boortmeerbeek,False,False,,"En venant de Bruxelles, prendre l'autoroute E19 en direction d'Anvers. Prendre la sortie Zemst. Au bout de la sortie en haut prendre à droite jusqu'au feu de signalisation. Traverser le carrefour et un peu plus loin à droite suivre le panneau ""Schiplaken"". Suivre cette route jusqu'au carrefour en forme de ""T"". Tourner à droite jusqu'au feu de signalisation, puis prendre à gauche et suivre la panneau ""Sporthall"" (il ne faut pas suivre l'indication du terrain du KRC Boortmeerbeek)."
B13,https://www.abssa.org/terrain/B13,B13 (BEERSEL                                                     ),"Schoolstraat, 46",1650 Beersel,False,False,,"A partir du Ring de Bruxelles prendre la E 19 direction Paris.
Quitter le Ring par la sortie 19, prendre à gauche sur Beerselsestraat, après 900 m. prendre à gauche sur Lotsestraat, après 400 m. continuer sur Puttestraat, puis prendre à droite sur Hoogstraat, puis prendre à gauche sur Kerkveldstraat. Après prendre à droite sur Schoolstraat, le terrain se trouve sur la droite."
B14,https://www.abssa.org/terrain/B14,B14 (BEAUVECHAIN                                                 ),"Rue de la Grande Lecke, 3",1320 Beauvechain,True,False,,"A partir de Bruxelles, prendre la E 411 en direction de Namur. Prendre la sortie N° 8 puis à droite la bretelle pour la N 25 vers Chaumont-Gistoux / Grez Doiceau / Louvain. Après +/- 6,5 km, au rond-point, prendre la sortie 1 vers la N 420 Chée. de la Libération, puis à gauche dans la rue de la Grande lecke."
C01,https://www.abssa.org/terrain/C01,C01 (CHASTRE                                                     ),Rue des Quinze Bonniers,1450 Chastre,False,False,COMPLEXE SPORTIF DES XV BONNIERS,"En venant de Bruxelles, prendre l'autoroute E411 en direction de Namur. Prendre la sortie  ""Corroy-Le-Grand"" (n° 9). Prendre à droite direction Nivelles. Au rond-point prendre à gauche, la N4 en direction de Walhain. Au 3ème feu de signalisation prendre à droite, direction Chastre. Au rond-point, tout droit, direction Chastre. Juste après le pont du chemin de fer prendre à droite en direction de Villeroux. Traverser tout le village de Chastre. Le complexe se trouve à la sortie du village, sur la droite et est fléché."
C02,https://www.abssa.org/terrain/C02,C02 (COURT ST. ETIENNE                                           ),Avenue des Combattants,1490 Court St. Etienne,True,False,,"Ring ouest: Direction Waterloo, prendre la sortie ""butte du lion"" , prendre à droite, puis au feu rouge prendre à droite, rouler jusque Genappe et prendre la RN 25 en direction de Wavre, prendre la deuxième sortie (Court St. Etienne) et prendre à gauche, le terrain se trouve à 1 km. a main droite.
Par la E411: Prendre la E411 direction Namur, ensuite sortir a Wavre, prendre ensuite la sortie Villers-La-Ville, ensuite à droite puis directement à gauche a l'arbre et descendre jusque dans le fond, prendre a droite et le terrain se trouve à 500 m. a main gauche."
C03,https://www.abssa.org/terrain/C03,C03 (CHAUMONT-GISTOUX                                            ),"Avenue du Ronvau, 8",1325 Chaumont-Gistoux,False,False,COMPLEXE SPORTIF DU RONVAU,"Par la E411, Sortie ! ""Louvranges"", direction Louvain - Grez Doiceau - Chaumont-Gistoux,
continuer sur la N25, prendre la sortie en direction de Wavre - Perwez - Chaumont-Gistoux,
prendre à droite la 243 (+/- 4 km.), traverser Chaumont-Gistoux, prendre à gauche la rue de Wavre (devant le café de la Poste), continuer sur la rue Colleau, ensuite la rue du Pont des Brebis. Arrivée avenue du Ronvou."
D01,https://www.abssa.org/terrain/D01,D01 (DROGENBOS                                                   ),Rue au Bois,1620 Drogenbos,False,False,STADE COMMUNAL DE DROGENBOS,"Prendre l'Autoroute ou le ring Bruxelles-Mons-Paris, sortie Drogenbos. Prendre direction Drogenbos-Centre, passer devant la Maison Communale et le terminus du tram, ensuite à la 3ème rue tourner à main droite (Le terrain se trouve au bout de la rue au Bois)."
E02,https://www.abssa.org/terrain/E02,E02 (ENGHIEN                                                     ),Rue Saint Quentin,7850 Enghien,False,False,R. ENGHIEN SPORT (PARC),"Prendre la E429 (Lille-Tournai-Ath) à hauteur de Halle. Prendre la sortie Petit-Enghien-Hoves (25), prendre à droite, direction  Petit-Enghien. Au bout de la route prendre à gauche, direction Enghien. Arrivé à Enghien, prendre la 2ème rue à gauche, suivre le panneau ""Auberge du Vieux Cèdre""."
E04,https://www.abssa.org/terrain/E04,E04 (ETTERBEEK                                                   ),Rue Baron Dhanis,1040 Etterbeek,True,False,,"De la Place Meiser, remonter tous les boulevards. Au carrefour de la Chaussée de Wavre, prendre celle-ci à droite, ensuite la 2ème rue à droite (Rue Général Fivé), puis la 3ème à droite (rue Baron Dhanis)."
E07,https://www.abssa.org/terrain/E07,E07 (EVERE                                                       ),"Avenue des Anciens Combattants, 300",1140 Evere,False,False,COMPLEXE SPORTIF EVERE,"Boulevard Lambermont, prendre le boulevard Léopold III, direction aéroport de Bruxelles-National, au 3ème feu de signalisation prendre à droite. le terrain se trouve à 50 m."
E08,https://www.abssa.org/terrain/E08,E08 (EVERE                                                       ),Rue de Picardie,1140 Evere,False,False,PARC ST. VINCENT (BON PASTEUR),Le terrain se trouve derrière l'église St. Vincent
E10,https://www.abssa.org/terrain/E10,E10 (EVERE                                                       ),Avenue des Communautés,1140 Evere,False,False,STADE COMMUNAL G. PETRE,"Prendre la chaussée de Louvain, Place Meiser, Place de Paduwa, prendre ensuite la 2ème rue à droite, l' Avenue des Communautés, l'entrée au terrain est situé à 100 m."
F01,https://www.abssa.org/terrain/F01,F01 (FOREST                                                      ),Av. de la 2ème Armée Britannique,1190 Forest,False,False,COMPLEXE SPORTIF DU BEMPT,"Au départ de la Place St. Denis à Forest prendre la chaussée de Neerstalle jusqu'à la rue de la Soierie (4ème rue à droite) et dans la rue de la Soierie rouler env. 100 m. puis 1ère à gauche (Bld. de la 2ème Armée Britannique) pendant env. 500 m. L'entrée du Complexe se trouve à hauteur de City Cart, à gauche de la route."
G01,https://www.abssa.org/terrain/G01,G01 (GENVAL                                                      ),"Rue du Tilleul, 50",1332 Genval (Rixensart),False,False,COMPLEXE DU TILLEUL,"Prendre l'autoroute de Namur (E411), sortie n° 4 - (Genval-Rosières). En bas de la sortie prendre la deuxième rue à droite (rue de La Hulpe) direction ""Genval - Maubroux"". Au premier rond point continuez à suivre la direction ""Genval - Maubroux"" (continuation de la rue de La Hulpe). Au rond point suivant, suivre toujours la direction ""Genval-Maubroux"". Au troisième rond point (Café du Lac sur la gauche) suivre toujours la direction ""Genval-Maubroux"" (3ème sortie - rue de Genval). Continuez tout droit jusqu'au feu de signalisation (Eglise de Genval) et tourner à droite (Avenue Albert 1èr). Après +/- 800 mètres, à l'ancienne station service, prendre à gauche et suivre la route (rue Joseph Desmet) sur +/- 700 mètres, puis tourner à droite, rue du Tilleul (panneau : Les Charmettes). Le terrain se trouve à environ 200 mètres sur la droite."
G02,https://www.abssa.org/terrain/G02,G02 (GENAPPE                                                     ),"Rue de Ways, 117",1470 Genappe,False,False,,"En venant de Waterloo, prendre la sortie Genappe (n° 25) prendre la N5 (Bruxelles-Charleroi) en direction de Charleroi pendant +/- 10 km. Après la station Total, au feu de signalisation, prendre à droite vers le centre de Genappe. Au 1èr feu de signalisation prendre à gauche la N237 direction Ottignies-Wavre. Après env. 300 m. et au bas de la descente prendre le petit chemin à droite.
Via Nivelles, prendre la sortie d'autoroute Nivelles-Sud (n° 19) et suivre la direction Wavre, sur la RN25 (sortie Genappe), prendre vers Genappe. Après 1500 m. prendre à gauche la N237 direction Ottignies-Wavre. Après env. 300 m. et en bas de la descente prendre le petit chemin à droite."
G03,https://www.abssa.org/terrain/G03,G03 (GANSHOREN                                                   ),Rue A. Roobaert,1083 Ganshoren,True,False,,"Par la ville. A partir de la Basilique de Koekelberg, prendre l'Avenue Charles Quint, prendre 3ème rue à droite, Avenue de Villegas. Arrivé au rond point prendre la 3ème sortie et  continuer sur l'avenue Marie de Hongrie. Prendre ensuite la première à droite, l'avenue des Neuf Provinces. Au 2ème rond point, prendre la première sortie, rue Vanderveken. Un parking est accessible dans la première rue à gauche. (Indication Hall des Sports).
Par le ring. En sortant du ring à Koekelberg, prendre l'avenue Charles Quint. Au 3ème feu, prendre à gauche sur la place Marguerite d'Autriche. Prendre la 1ère rue à droite et rester sur l'avenue Marie de Hongrie. Ensuite suivre comme ci-dessus."
G04,https://www.abssa.org/terrain/G04,G04 (GREZ-DOICEAU                                                ),Rue du Stampia,1390 Grez-Doiceau,False,False,,Autoroute Bruxelles-Namur (E411) prendre la sortie Louvain/Grez-Doiceau (n° 8). Prendre la RN25 en direction de Louvain/Grez-Doiceau. Passer tout droit les deux premiers ronds-points à l'issue de la RN 25. Au troisième rond-point prendre à droite. Le terrain se trouve 150 m. plus loin à gauche de la rue du Stampia.
H01,https://www.abssa.org/terrain/H01,H01 (HEVILLERS                                                   ),"Rue des Tilleuls, 60",1435 Hévillers,False,False,,"Autoroute Bruxelles/Namur (E411), sortie n° 9, prendre à droite jusqu'au rond-point. Puis prendre à gauche, direction Gembloux/Chastre/Corbais, jusqu'au 1èr feu de signalisation. Prendre ensuite à droite jusqu'au chemin de fer, tourner à gauche, emprunter le tunnel, puis continuer tout droit jusqu'au terrain de O.N.E., +/- 500 m. ce qui est en face du n° 87"
H03,https://www.abssa.org/terrain/H03,H03 (HOFSTADE                                                    ),Ossebeemden,1981 Hofstade,False,False,VERBROEDERING HOFSTADE,"A partir de l'E19 Bruxelles-Antwerpen (Sortie 11 Zemst-Weerde-Hofstade) prendre à droite la Robert Schumanlaan. Au premier feu de signalisation, prendre à gauche la Tervuursesteenweg (N227) jusqu'à l'église de Hofstade (+/- 1,7 km.) Continuez encore 200 m. puis tourner à gauche au café Hoekske. Vous roulez sur la Zemstsesteenweg. Après 200 m. prendre la deuxième à droite (au café de Sportvriend) la Ossebeemden, vous verrez le parking un peu plus loin."
H04,https://www.abssa.org/terrain/H04,H04 (HOUTAIN-LE-VAL                                              ),"Rue de Ninove, 1",1476 Houtain-Le-Val,False,False,,"Venant de Bruxelles prendre le Ring Ouest, sortie Genappe (n°25), prendre à droite sur la N 5 (Bruxelles-Charleroi) direction Charleroi pendant +/- 10 min. Prendre à gauche au carrefour entre la N 5 et la N 93 direction Nivelles. Dans le village, prendre à gauche au carrefour en direction de la rue des Ecoles. une centaine de mètres plus loin, prendre immédiatement à droite en direction de la rue du Béguinage et ensuite prendre imméeiatement à gauche en direction de la rue du Pavillon. Suivre cette rue jusqu'au ""T"" formé par la rue du Pavillon et la rue de Ninove. Au ""T"" prendre à gauche. Le terrain de football se situe à une centaine de mètres sur le côté droit."
I01,https://www.abssa.org/terrain/I01,I01 (ITTRE                                                       ),Rue J. Jolly (Impasse),1460 Ittre,False,False,J.S. ITTROISE,"Autoroute Bruxelles-Paris prendre la sortie Ittre, direction Centre. En partant de la Grande Place (Eglise) prendre la rue Basse. Après 100 m. tourner à gauche (rue Neuve) après 100 m. tourner à gauche, (rue de l'Ecole) pour arriver à la Rue J. Jolly."
I02,https://www.abssa.org/terrain/I02,I02 (IXELLES                                                     ),"Rue Volta, 18",1050 Ixelles,True,False,STADE A. DEMUYTER,"Avenue de la Couronne jusqu'au cimetière d'Ixelles, suivre les plaques ""Stade A. Demuyter""."
I03,https://www.abssa.org/terrain/I03,I03 (INCOURT                                                     ),Rue de la Bruyère,1315 Incourt,False,False,INCOURT,"En venant de Bruxelles, prendre l’E411 en direction de Namur et prendre la sortie 11 Perwez-Gembloux, prendre à droite vers Perwez sur la N29 jusqu’au rond-point de Glimes qui croise la N91 (7km depuis l’E411). Sortir à la 3ème sortie sur la N91 en
direction de Hamme-Mille. Prendre ensuite la 3ème rue à gauche et le terrain se trouve directement sur la droite."
J01,https://www.abssa.org/terrain/J01,J01 (JETTE                                                       ),Avenue J.J. Crocq,1090 Jette,False,False,COMPLEXE SPORTIF DU HEYMBOSCH,"Direction cimetière de Jette, ensuite prendre la rue du ""Sacré-Coeur"" jusqu'au bout, puis tout droit, avenue J.J. Crocq. Le terrain se trouve à gauche."
J02,https://www.abssa.org/terrain/J02,J02 (RSD JETTE (COMPLEXE EXPO)                                   ),"Avenue de l'Exposition, 257",1090 Jette,False,False,,"Ring de Bruxelles, sortie 9 Jette.
En venant de Zaventem, prendre à gauche à la sortie, en venant de Charleroi prendre à droite. Au feu rouge continuer sur +/- 1 km jusqu'au rond point. Le terrain se trouve en face de la pompe à essence Q8."
K02,https://www.abssa.org/terrain/K02,K02 (KRAAINEM                                                    ),Bosstraat,1950 Kraainem,False,False,,"Au départ de la Place Meiser, l'autoroute Bruxelles-Liège (E40), prendre la sortie Kraainem (n° 2). Sous le viaduc prendre à droite, l'avenue des Anciens Combattants. Juste après le carrefour avec des feux de signalisation prendre à droite vers la Place de la Chapelle, puis prendre la 4ème rue à main droite (rue au Bois). Le terrain se trouve à 300 m. sur la droite."
K03,https://www.abssa.org/terrain/K03,K03 (KONINGSLO                                                   ),"Streekbaan, 1",1800 Koningslo,False,False,,"Par le Ring, Sortie n° 6 (Koningsloo), prendre l'avenue de Tyras (vers l'Hopital militaire). Prendre directement à droite l'Indringersweg. Après 1 km, la Streekbaan est à droite. Le terrain se trouve au début de la rue, à gauche (FC Koningslo)"
L01,https://www.abssa.org/terrain/L01,L01 (LOUPOIGNE                                                   ),"Route du sucre, 1",1471 Loupoigne,False,False,Stade J.C. FLAMEND,"Venant de Bruxelles prendre le Ring Ouest, sortie Genappe (n° 25), prendre à droite sur la N5 (Bruxelles-Charleroi) direction Charleroi pendant +/- 10 min., sortie Loupoigne, traverser le carrefour, tout droit direction route du sucre."
L02,https://www.abssa.org/terrain/L02,L02 (LEUVEN KESSEL-LO                                            ),"Diestsesteenweg, 288 B",3010 Leuven Kessel-Lo,True,False,Boudewijnstadion,"En partant de la gare de Louvain prendre la Diestsepoort. A la fin de la rue prendre à droite la Diestsesteenweg, après +/- 1 km prendre à droite l'avenue Rerum Novarum, puis prendre la Stadionlaan (deuxième rue à droite). Le complexe sportif se trouve à droite."
L04,https://www.abssa.org/terrain/L04,L04 (LONDERZEEL                                                  ),Stuikbergstraat,1840 Londerzeel,False,False,SINT JOZEF,"Route Bruxelles-Anvers (A12), direction Boom. Prendre la sortie Londerzeel à gauche (au feu de signalisation). Traverser Londerzeel, passer le passage à niveau à la gare et prendre le Temsesteenweg. Après avoir passé l""église du hameau de St. Jozef, prendre au 2ème carrefour à droite qui est la Stuikbergstraat. Le terrain se trouve à +/- 200 m. du côté droit de la rue."
L05,https://www.abssa.org/terrain/L05,L05 (LONDERZEEL                                                  ),"Blauwenhoek, 76",1840 Londerzeel,False,False,VERMA,"Autoroute Bruxelles-Anvers (A12), au premier feu de signalisation, prendre à gauche, direction Londerzeel. Suivre la plaque Stationstraat. Passée la gare (après env. 1200 m.) prendre à gauche au "" Monument aux Morts"". Le terrain se trouve à 50 m."
L06,https://www.abssa.org/terrain/L06,L06 (LOUVAIN-LA-NEUVE                                            ),Place des Sports,1348 Louvain-La-Neuve,False,False,CENTRE SPORTIF DU BLOCRY,"Autoroute Bruxelles-Namur, après Wavre prendre la sortie Louvain-La-Neuve. Continuer sur la N4 en direction de Namur. Au premier rond-point prendre à droite vers la N250 et suivre ""Blocry"". Le centre sportif se trouve sur la gauche après env. 2 km. (Avant la passerelle)."
L07,https://www.abssa.org/terrain/L07,L07 (LINKEBEEK                                                   ),"Rue Schavei, 31",1630 Linkebeek,False,False,WOUTERBOS,"R.O. Sortie Beersel (n° 19), prendre direction Beersel, ensuite direction Linkebeek En face du Delhaize prendre la rue de la Brasserie et ensuite suivre les indications LHC-KHVCL.
R.E. Sortie Groenendael - Direction Uccle, dans la forêt prendre la première à gauche, direction Rhode St. Genèse, ensuite à la chaussée de Waterloo prendre à gauche. Au premier feux (Espinette Centrale) à droite, ensuite le premier feux à droite, puis tout droit, et après le chemin de fer suivre les indications LHC-KHVCL.
Itinéraire d'accès au parking, à la Ferme Holleken, rue Hollebeek, 212 (près du parc à conteneurs)
Entrée du parking: chemin à gauche de l'entrée du cimetière.
Pour rejoindre le terrain à pied à partir du parking, descendre le chemin balisé en contournant le parc à conteneurs."
L08,https://www.abssa.org/terrain/L08,L08 (OTTIGNIES (LOUVAIN-LA-NEUVE)                                ),Avenue de Lauzelle,1348 Louvain-La-Neuve,False,False,Terrain Royal Ottignies Stimont (ROS),"Autoroute Bruxelles-Namur E411, après Wavre prendre la sortie Louvain-la-Neuve, continuer sur la N4 direction Namur, au premier rond-point prendre à droite vers la N250 et suivre ""Blocry/Hocaille"". Après le second rond-point, prendre à droite, au carrefour, la rue de l'Invasion, puis de nouveau à droite. L'entrée du terrain ROS se trouve au bout de l'avenue."
L09,https://www.abssa.org/terrain/L09,L09 (LA HULPE                                                    ),"Avenue Soyer, 4",1310  La Hulpe,True,False,STADE SOYER,"Venant de Bruxelles, prendre le Ring Est direction Waterloo. Sortir au pont de Groenendael, direction La Hulpe, Genval. Tout droit pendant 2 km. Après le chateau de La Hulpe, toujours tout droit. Au feu de signalisation et le carrefour de La Hulpe, tout droit direction Genval. Au feu de signalisation prendre à gauche et ensuite directement à droite, l'avenue Soyer, derrière le G.B. Le terrain se trouve à 300 m."
L10,https://www.abssa.org/terrain/L10,L10 (LEUVEN - HEVERLEE                                           ),"Tervuursevest, 101",3001  Heverlee,True,False,Universitair Sportcentrum,"Autoroute E 40 direction Liège, prendre la sortie 15 (E 314 / Leuven). Garder sa droite et suivre les indications ""Leuven"" (quitter la E 314).Aux quatrième feu de signalisation prendre à droite la Tervuursevest. Garder sa droite et immédiatement après la grande surface rentrer dans le domaine de la faculté"
L11,https://www.abssa.org/terrain/L11,L11 (COMPLEXE SPORTIF DE LIMAL                                   ),"Charles Jaumotte, 156",1300 Wavre (Limal),False,False,,"Autoroute E 411 direction Namur / Luxembourg, prendre la sortie n° 6 Wavre, vers N238. Tourner à droite sur Boulevard de l'Europe/N238 sur 200 m. Prendre à droite sur Rue de la Wastinne. Ensuite, aprèsle passage à niveau, prendre à gauche sur Rue Provinciale/N239. Les terrains se trouvent sur la gauche de la route en contre-bas (facilement visible de la route)."
M01,https://www.abssa.org/terrain/M01,M01 (MALDEREN                                                    ),"Steenhuffelstraat, 12",1840 Malderen,False,False,,"A partir de Bruxelles.
Prendre le Ring de Bruxelles, prendre sortie n° 8 vers l' A12 (direction Anvers). Après 3 km. sur l' A12 prendre la sortie n° 3 et continuer sur la Stationstraat (N201) sur 1,2 km. Ensuite prendre à droite la Veilinglaan sur 1,7 km. (via Rossem) Continuer sur la Robroekstraat pendant 1,8 km. Arrivé au rond-point, prendre la première sortie, continuer sur Steenhuffel Dorp, ensuite à gauche, la Brouwerijstraat pendant 1,5 km. (direction Plas), pour arriver à la Steenhuffelstraat."
M02,https://www.abssa.org/terrain/M02,M02 (MECHELEN                                                    ),Nekkerspoel-Borcht,2800 Mechelen,False,False,SPORTPARK DE NEKKER,"Autoroute Bruxelles-Anvers (E19) sortie Mechelen-Noord (n° 9) En arrivant dans le centre, suivre la direction ""Heist-op-den-Berg"" Aller tout droit et passer le viaduc du chemin de fer. Après 1 km. suivre les flèches ""De Nekker"". Garer les voitures à l'extérieur du complexe. IL FAUT COMPTER ENV. 10 min. à pied jusqu'au terrain."
M04,https://www.abssa.org/terrain/M04,M04 (MELSBROEK                                                   ),Chaussée d'Haecht,1820 Melsbroek,False,False,ANCIEN AEROPORT DE MELSBROEK,"Chaussée d'Haecht, ancien aéroport de Melsbroek. Par l'autoroute E 19 Bruxelles - Anvers. Sortie n° 12 ""Vilvoorde-Machelen-Steenokkerzeel"" A la fin de la bretelle d'autoroute, prendre la N 211 dans la direction Haacht - Melsbroek. Au premier feu de signalisation, prendre à gauche, direction Haacht. Le terrain se trouve à +/- 500 m. à main droite."
M05,https://www.abssa.org/terrain/M05,M05 (MOLENBEEK                                                   ),Avenue M. Ghandi,1080 Molenbeek,False,False,SIPPELBERG,"Chaussée de Gand, avenue M. Ghandi"
M06,https://www.abssa.org/terrain/M06,M06 (MOLENBEEK                                                   ),Avenue J. Baeck,1080 Molenbeek,True,False,STADE VERBIST - PARC MARIE-JOSE,"Ring O, sortie Ninove-Dilbeek (n° 13) direction Molenbeek, par la chaussée de Ninove 
(+/- 3 km.). Au feu de signalisation qui se trouve juste après le ""BRICO"" prendre à gauche l'Avenue J. Baeck. Le terrain se trouve à main droite, juste au début de cette avenue."
M07,https://www.abssa.org/terrain/M07,M07 (MOLLEM                                                      ),"Kouter, 29",1730 Mollem,False,False,,"Ring de Bruxelles (RO), sortie Jette-Wemmel (n° 9), direction Merchtem. A Brussegem au carrefour Asse-Wolvertem, prendre direction Asse. Après l'église, prendre la 1ère à main droite (direction Mollem). Après 2 km. prendre la Kouterstraat qui se trouve juste en face de l'église."
M08,https://www.abssa.org/terrain/M08,M08 (MONT-SAINT-GUIBERT                                          ),"Avenue des Cérisiers, 3",1435 Mont-Saint-Guibert,False,False,GUIBERT SPORTS ARENA,"En venant de Bruxelles, prendre l'autoroute E411 en direction de Namur. Prendre la sortie 9 Corroy-le-Grand vers Louvain-la-Neuve  Sud / Nivelles / E 19. Rejoindre Chemin de Grez. Au rond-point, prendre la 2ième sortie sur Grand'Route / N 4. Après 1,8 km.et au prochain feu, tourner à droite Rue de Corbais. Continuer tout droit pendant 2 km. et prendre à droite Avenue du Cérisier. 70 m. plus loin, vous trouverez le parking sur la droite."
N03,https://www.abssa.org/terrain/N03,N03 (NIVELLES                                                    ),"Rue du Progrès, 1A",1400 Nivelles,False,False,DOMAINE MILITAIRE,"En venant de Bruxelles, par l'autoroute Bruxelles-Paris, prendre la sortie Nivelles-Sud (n° 19), passer sous le pont de l'autoroute et prendre la direction de Nivelles. A 200 m., au rond-point (Shopping Center), tourner à droite en direction de Wavre (petit ring de Nivelles).
Au 4ème rond-point (en tenant compte du rond-point du Shopping Center), tourner à gauche , rue de l'Industrie et pénétrer dans le zoning. Au bout de la rue, avant le feu de signalisation, tourner à gauche et prendre la rue du Progrès pendant +/- 400 m."
N04,https://www.abssa.org/terrain/N04,N04 (NOSSEGEM                                                    ),Mechelsesteenweg 596,1930 Zaventem,False,False,RADAR VLIEGHAVEN,"Chaussée de Louvain jusqu'à Nossegem, au premier croisement prendre à gauche la 
Mechelsesteenweg. Le terrain est indiqué à +/- 1 km. à gauche.
Par l'autoroute Bruxelles-Liège, prendre la sortie Nossegem-Sterrebeek, prendre à gauche la Mechelsesteenweg, traverser la chaussée de Louvain, et suivre comme ci-avant."
O01,https://www.abssa.org/terrain/O01,O01 (OHAIN                                                       ),Route de Genval 20A,1380 Ohain,False,False,"Route de Genval, 20A - 1380 Ohain","Venant de Bruxelles, prendre ring Est direction Waterloo. Sortir à la sortie n°27 Waterloo Centre.
	Prendre ensuite à gauche La Drève de Richelle jusqu'au 3ème rond-point et prendre à gauche la 	Chaussée de Louvain sur environ 2km et prendre à droite la Rue des Saules toujours tout droit et 	qui devient ensuite la Route des Marnières. Continuer ensuite tout droit, passer un premier rond-point puis continuer tout droit jusqu'au rond-point du Messager où il faut prendre la 2ème sortie. Vous êtes alors sur la Route de Genval et l'entrée du Complexe se trouve à environ 200m sur la gauche."
O02,https://www.abssa.org/terrain/O02,O02 (OPHAIN                                                      ),"Rue de Lillois, 19",1421 Ophain/Braine-l'Alleud,False,False,,"Ring RO, sortie Ophain, prendre la direction de Ophain Village, jusqu'à l'église. Ensuite à droite. Le terrain se trouve à 200 m. à gauche."
O04,https://www.abssa.org/terrain/O04,O04 (OTTIGNIES-CEROUX-MOUSTY                                     ),"Rue des Coquerées, 50A",1341 Ottignies-Ceroux-Mousty,False,False,CENTRE SPORTIF DES COQUEREES,"Au départ de Bruxelles, prendre l'autoroute E411 en direction de Namur. Prendre la sortie  Wavre ( n° 6) ensuite à droite la N238 en direction d'Ottignies. Prendre la sortie Ottignies/Louvain-La-Neuve (N237) et suivre la direction Ottignies. Passer sous les 2 ponts du chemin de fer et, au feu de signalisation, continuer tout droit. Au feu suivant, toujours tout droit par l'avenue des Combattants. Franchir le passage protégé pour piétons (feu clignotant) et au feu de signalisation suivant, prendre à droite direction Ceroux-Mousty par la rue des Coquerées. Le terrain se trouve sur la droite à env. 400 m. Au n° 50A , panneau ""Coca-Cola"" l'entrée du centre sportif."
O05,https://www.abssa.org/terrain/O05,O05 (OTTIGNIES-LIMELETTE                                         ),"Avenue des Sorbiers, 120A",1342 Ottignies-Limelette,True,False,,"En venant de Bruxelles, prendre l'autoroute E411 en direction de Namur, prendre la sortie  Wavre (n° 6), tenir la droite et au bout de la bretelle, prendre la direction d'Ottignies par la N238. Au 1èr feu de signalisation continuer tout droit en passant devant Walibi (qui se trouve sur la gauche) jusqu'à la sortie Limelette. Au bout de cette sortie, en face du Tennis Club La Palestre, prendre à droite la rue Charles Dubois, jusqu'au carrefour principal. Continuer tout droit en traversant l'avenue Albert 1èr. Passer en dessous du 1èr pont du chemin de fer et prendre la rue de l'Europe jusqu'à la place de l'Europe. Traverser cette place par la droite. Au bout à gauche, suivre l'avenue Jassans. Ensuite 1ère rue à gauche,  la rue Bustan (panneau F.C. Limelette). Continuer cette rue et passer en dessous du 2ème pont du chemin de fer. Après ce pont, prendre tout de suite à gauche l'avenue Demolder (panneau F.C. Limelette), en face de l'étang du Buston. Suivre cette avenue jusqu'à la 4ème rue à droite, l'avenue des Mérisiers. Après 50 m. dans cette rue, prendre à droite l'avenue des Sorbiers (panneau du F.C. Limelette). L'entrée du terrain est située 50 m. plus bas sur la gauche."
P01,https://www.abssa.org/terrain/P01,P01 (PECROT                                                      ),"Rue C. Bauwens, 26",1390 Pécrot - Grez-Doiceau,False,False,,"Autoroute Bruxelles-Wavre, prendre sortie Wavre, puis la route Wavre-Louvain, ensuite la route conduisant à Grez-Doiceau, ensuite la route allant à Archennes (Florival). Après 5 à 6 km. suivre l'indicateur Pécrot pendant 2 km. Le terrain se trouve à gauche du chemin de fer."
P02,https://www.abssa.org/terrain/P02,P02 (PERWEZ                                                      ),"Av. des Marronniers, 17",1360 Perwez,True,False,"A partir de Bruxelles, prendre la E 411 en direction de Namur. Prendre la sortie 11  Gembloux pour rejoindre la N 29 en direction de Gembloux / Tirlement / Jodoigne / Perwez. Suivre la N29 et chaussée de Wavre (N243) en direction de la rue des Marronniers. Au rond-point 1, 2 et 3 prendre chaque fois la première sortie.
Au rond-point suivant (4ième) prendre la deuxième sortie et continuer sur la chaussée de Wavre / N 243. Prendre à droite sur la rue des Marronniers, le terrain se trouve à droite",
P03,https://www.abssa.org/terrain/P03,P03 (PERK                                                        ),Kerkdreef,1820 Perk,False,False,PERK,"En venant de Bruxelles, prendre la chaussée de Haacht jusqu'à Steenokkerzeel, ensuite prendre à gauche Tervuursesteenweg pendant +/- 1,6 km. jusqu'à l'église Saint Nicolas (centre de Perk), ensuite tourner à droite et prendre Kerkdreef. Les terrains se trouvent à 200 m. sur la gauche."
R01,https://www.abssa.org/terrain/R01,R01 (RHODE-SAINT-GENESE                                          ),Wauterbos,1640 Rhode-Saint-Genèse,False,False,WAUTERBOS,"Prendre la chaussée de Waterloo jusqu'à l'Espinette Centrale, puis l'avenue de la Forest de Soignes jusqu'au panneau Wauterbos, prendre à gauche."
R02,https://www.abssa.org/terrain/R02,R02 (ROSIERES                                                    ),Rue de la Ferme du Plagniau,1331 Rosières,False,False,,"Autoroute E411, prendre la sortie Rosières. Passer devant l'église, longer l'autoroute et tourner à droite au cimetière des animaux. Terrain à 200 m."
R03,https://www.abssa.org/terrain/R03,R03 (RIXENSART                                                   ),"Avenue Clermont Tonnerre, 26A",1330 Rixensart,False,False,COMPLEXE SPORTIF DE RIXENSART,"Par la E411 Bruxelles-Namur, prendre la sortie n° 5 (Wavre Nord, Rixensart, Bierges).
Ensuite prendre la N257 pendant 700 mètres jusqu'au rond-point, prendre la rue de l'Etoile et ensuite la rue de Mérode jusqu'à Rixensart. Après 900 mètres, à la Place de la Perche, prendre à droite l'avenue de la Paix et encore à droite l'avenue Clermont Tonnerre."
S01,https://www.abssa.org/terrain/S01,S01 (SCHAERBEEK                                                  ),"Avenue du Suffrage Universel, 22/24",1030 Schaerbeek,False,False,STADE DU CROSSING,"Place Meiser, descendre le boulevard Lambermont. Au 3ème feu de signalisation prendre à gauche, puis la première à droite."
S02,https://www.abssa.org/terrain/S02,S02 (SCHAERBEEK                                                  ),"Rue des Jardins, 2A",1030 Schaerbeek,True,False,SITE WAHIS,Depuis la Place Meiserprendre brièvement la direction du pont Van Praet. Après le boulevard Léopold II prendre la 1ère rue à droite rue des Jardins.
S03,https://www.abssa.org/terrain/S03,S03 (SCHAERBEEK                                                  ),Place Terdelt,1030 Schaerbeek,False,False,TERDELT - PARC ALBERT,"Place Meiser, descendre le boulevard Wahis et le boulevard Lambermont, puis prendre à droite, la rue Kennis(avant la station Villo), Terrain à 200 m. à droite."
S04,https://www.abssa.org/terrain/S04,S04 (SINT-AGATHA-BERCHEM                                         ),"Lusthuizenstraat, 1",1080 Sint-Agatha-Berchem,True,False,PARC J. MONNET,"A partir du boulevard Charles Quint à hauteur de Basilix Shopping Center, prendre la rue des Châlets (Lusthuizenstraat)"
S08,https://www.abssa.org/terrain/S08,S08 (SENEFFE                                                     ),Rue du Chemin de Maffle,7180 Seneffe,False,False,SENEFFE  F.C.,"Autoroute Bruxelles-Charleroi (19), prendre la sortie Arquennes. Suivre la direction Seneffe/La-Louvière pendant env. 7 km. Passer le feu de signalisation (premier depuis la sortie de l'autoroute), puis prendre la 2ème rue à main gauche, suivre les plaques ""SNEF F.C."", le terrain se trouve dans la 2ème rue à droite."
S09,https://www.abssa.org/terrain/S09,S09 (SCHAERBEEK                                                  ),"Rue Ernest Cambier, 2",1030 Schaerbeek,True,False,Complexe CHAZAL,"Place Meiser, descendre Bd. Général Wahis, Bd Lambermont, au deuxième carrefour prendre à gauche, puis encore la première à gauche
Ou :  Place Meiser prendre Av Ernest Cambier. - Tram n° 7  - Bus 65 arrêt Chazal"
T01,https://www.abssa.org/terrain/T01,T01 (TERVUREN                                                    ),Lindeboomstraat,3080 Tervuren,True,False,,"Prendre l'avenue de Tervuren, passer le carrefour des Quatre-Bras, continuer jusqu'au rond-point (après le 2ème feu de signalisation), prendre à droite, Markt Tervuren, Kerkstraat, Hoornzeelstraat, Lindeboomstraat (1ère rue à main gauche après le bassin de natation)."
T02,https://www.abssa.org/terrain/T02,T02 (TOURINNES-SAINT-LAMBERT                                     ),Rue des Cortils,1457 Walhain,False,False,,"A partir de l'autoroute Bruxelles-Namur (E411), prendre la sortie  Walhain (n° 10). Au pied de la rampe d'accès, suivre la direction Walhain vers la droite et après 200 m. prendre à droite et 400 m. plus loin, prendre à nouveau à droite. Le terrain se trouve à +/- 300 m. sur la gauche."
T03,https://www.abssa.org/terrain/T03,T03 (TUBIZE                                                      ),Rue du Boulet,1480 Tubize,False,False,,"En venant de Bruxelles par l'autoroute E19, prendre la sortie Halle (n° 21). Ensuite la direction Ath-Tournai par la E429 et sortir à Tubize (n° 23). Prendre à gauche, contourner le rond-point et 300 m. plus loin prendre la 1ère rue à gauche. Le terrain est situé au bout de la rue."
T04,https://www.abssa.org/terrain/T04,T04 (TERVUREN                                                    ),"Chaussée de Louvain, 19",3080 Tervuren,False,False,BRITISH SCHOOL OF BRUSSELS,"Du rond-point Montgomery, prendre l'avenue de Tervuren. Dépasser le carrefour Quatre Bras, toujours en direction de Tervuren jusqu'au Musée Royal Africain. Le terrain de la British School of Brussels se trouve 100 m. après le Musée."
T05,https://www.abssa.org/terrain/T05,T05 (TERVUREN                                                    ),"Hertswegenstraat, 61",3080 Duisburg,False,False,SPORTCENTRUM VAN DEFENSIE,"Quatre Bras, puis N 3, passer le village de Tervuren prendre légèrement à droite Brusselsesteenweg (1,1 km.), puis prendre à droite sur Duisburgsebaan et enfin à gauche sur Hertwegenstraat (70 m.) Suivre les flèches Duisburg et Sport Centrum van Defensie."
T06,https://www.abssa.org/terrain/T06,T06 (TUBIZE                                                      ),"Allée des Sports, 7",1480  Tubize,False,False,,"En venant de Bruxelles : Prendre le RO en direction Mons-Bergen / Charleroi - prendre la sortie 21 et continuer sur la E429 direction Lille/Rijsel sur 7,2 km. Ensuite prendre la sortie 23 et continuer sur le Hondzochtsesteenweg pendant 1,7km. Au rond point continuer tout droit Chaussée d'Hondzocht sur 857 m, , prendre à droite Rue de Bruxelles sur 141 m., au rond- point continuer tour droit et à nouveau au rond-point continuer tout droite sur 537 m.,
passer devant l'Eglise de Tubize et après le 2ème feu rouge, prendre la 2ème rue à gauche,
Rue des Ponts et continuer sur 470 m. (suivre les panneaux AFC. Tubize) puis prendre la 2ème à droite (à côté des terrains de tennis) chemin menant au parking du Stade de Tubize.
Prendre le chemin à pied sur +/- 50 m. à gauche du stade jusqu'à l'arrière de la tribune T3."
T07,https://www.abssa.org/terrain/T07,T07 (TERVUREN                                                    ),Schonenboormstraat,3080 Tervuren,False,False,,"Aux quatre-Bras, prendre direction Tervuren via l’avenue de Tervuren(N3) pendant 750M
Au rond-point, prendre la 1ère sortie et continuer sur l’avenue de Tervuren pendant 1,2km puis prendre à droite sur la chaussée de Bruxelles pendant 500m. Ensuite Prendre légèrement sur la droite dans la Wijngaardstraat pendant 400m et tourner à gauche dans la Pepperstraat pendant 400m. Ensuite tourner à droite sur la chaussée de Duisburg et rouler pendant 1,4 km... Continuer tout droit sur la chaussée de Tervuren pendant 1,3 km et prendre à gauche dans la rue de destination ( Schonenboomstraat).
Le terrain se situe sur la droite de la route!"
U01,https://www.abssa.org/terrain/U01,U01 (UCCLE                                                       ),"Chaussée de Waterloo, 1589C",1180 Uccle,False,False,COMPLEXE D'HOUGEMONT,"A partir de la Petite Espinette, prendre la chaussée de Waterloo, direction Bruxelles. 100 m. après le premier feu de signalisation (carrefour de la Petite Espinette) est situé le complexe sportif. L'entrée est située à côté du magasin de meubles de jardin, sur la gauche de la chaussée."
U02,https://www.abssa.org/terrain/U02,U02 (UCCLE                                                       ),Rue du Zwartebeek,1180 Uccle,True,False,LEOPOLD-UCCLE,"L'entrée se fait par la rue du Zwartebeek.
Par le ring, prendre la sortie Drogenbos-Ruisbroek, direction Uccle, par la rue de Stalle prolongée.  Après le rond-point prendre la 1ère rue à gauche, la chaussée de Neerstalle.
Ensuite la 2ème rue à gauche, rue du Zwartebeek, l'entrée du complexe est située à +/- 200 mètres sur la droite."
U04,https://www.abssa.org/terrain/U04,U04 (UCCLE                                                       ),Rue des Griottes,1180 Uccle,False,False,COMPLEXE SPORTIF DE RIDDER,"Par le Centre, prendre la chaussée d'Alsemberg, direction Alsemberg, jusqu'à la gare d'Uccle-Calevoet. Suivre les rails du tram, passer en dessous du pont du chemin de fer et au premier feu de signalisation prendre à gauche, la rue du Bourdon, puis la 1ère rue à main gauche (rue des Bigarreaux), passer sous le pont du chemin de fer et puis 1ère rue à main gauche (le complexe est fléché).
Par le ring, sortie Drogenbos-Ruisbroek, prendre la direction Drogenbos Centre (Grote Baan), au premier feu de signalisation, passée l'église, prendre à gauche, la chaussée de Drogenbos, jusqu'au bout, puis traverser la chaussée d'Alsemberg et prendre immédiatement à droite, la rue du Bourdon, pour continuer comme renseigné ci-dessus."
U05,https://www.abssa.org/terrain/U05,U05 (UCCLE                                                       ),"Rue Joseph Bens, 124",1180 Uccle,True,False,TERRAIN J. BENS,"Par le centre de la ville, rejoindre la Barrière de Saint Gilles, prendre la chaussée d'Alsemberg et puis l'avenue des Sept Bonniers (à droite au niveau de la rue 
L. Vanderkindere), le terrain se trouve au bout de cette avenue.
Par le sud, prendre la rue de Stalle, la rue Gatti de Gamond, la rue Joseph Bens est la première rue à main droite après le Carrefour Market."
V01,https://www.abssa.org/terrain/V01,V01 (VILVOORDE                                                   ),"Sint Annalaan, 674",1800 Vilvoorde,False,False,,"A partir de la Chaussée de Ninove, direction Ninove, prendre la E19 direction E40 / /E411/ Namen / Gent / Antwerpen / Luik / Luchthaven-Zaventem.
Prendre la sortie 7 Grimbergen, puis prendre à droite sur Sint Annalaan. 
- Le terrain ce trouve à +/- 300 mètres après la sortie du ring à main gauche sur la Sint Annalaan."
V02,https://www.abssa.org/terrain/V02,V02 (VIRGINAL                                                    ),Rue de Tubize,1460 Virginal,False,False,,"Au départ de Bruxelles, l'autoroute E19 ou par le Ring RO, sortir à Ittre. Suivre la direction Ittre-Virginal. Traverser Haut-Ittre et Ittre et suivre la direction Virginal-Samme. Franchir le pont surplombant le canal Bruxelles-Charleroi. Poursuivre tout droit par la rue de Catala, ne pas suivre la direction Virginal Centre, mais poursuivre la route et prendre la 2ème rue à main droite (rue de Tubize). Passer devant le château d'eau et un peu plus loin, à l'incinérateur, prendre à droite en direction de Oisquercq. Le terrain se trouve à droite dans la descente (panneau ASF Virginal)."
W01,https://www.abssa.org/terrain/W01,W01 (WALHAIN                                                     ),"Rue de la Chapelle Sainte-Anne, 4",1457 Walhain-Saint-Paul,False,False,WALLONIA WALHAIN,"Autoroute Bruxelles-Namur, prendre la sortie n° 10. Au bas de la rampe de sortie prendre à droite jusqu'au carrefour (+/- 300 mètres), prendre la Rue du Maïeur pendant 380 mètres, tout droit continuer sur le Chemin de la Scierie pendant 270 mètres, sortir de Tourinnes-Saint-Lambert et continuer sur le Chemin de la Scierie pendant +/- 1,8 km.
Entrer dans Walhain-Saint-Paul et continuer sur le Chemin de la Scierie pendant 43 mètres, prendrer à gauche la Rue de Saint-Paul pendant 500 mètres, continuer la Rue du Bourgmestre Gilisquet pendant 700 mètres, prendre à gauche la Rue de la Chapelle Sainte-Anne pendant 110 mètres."
W02,https://www.abssa.org/terrain/W02,W02 (WATERLOO                                                    ),"Chemin des Noces, 87",1410 Waterloo,False,False,JOLI-BOIS,"Venant d'Uccle, prendre la chaussée de Waterloo, ensuite la chaussée de Bruxelles, continuer jusqu'à la place E. Vandevelde (intersection de la chaussée de Bruxelles avec la chaussée de Tervuren à Joli-Bois). Au feu de signalisation prendre à droite la chaussée Bara. Le terrain se trouve à droite à +/- 500 m."
W04,https://www.abssa.org/terrain/W04,W04 (CAMPUS WEMMEL                                               ),"Zijp, 14 - 16",1780 Wemmel,False,False,,"A partir du centre de Wemmel, prendre la direction Meise via la Rasselstraat / F. Robberechtsstraat. Passé la Maison de repos Armonea Hestia, prendre à gauche vers le parking « Sporthal » fléché comme JUST MOVE.
Parking  :  50.918474,4.326794"
W05,https://www.abssa.org/terrain/W05,W05 (WATERMAEL-BOITSFORT                                         ),"Avenue des Nymphes, 1",1170 Watermael-Boitsfort,False,False,STADE DES TROIS TILLEULS,"A partir du square des Archiducs, prendre la rue Berensheide, ensuite l'avenue des Nymphes."
W07,https://www.abssa.org/terrain/W07,W07 (WAVRE                                                       ),"Avenue du Centre Sportif, 20",1300 Wavre,True,False,Stade JUSTIN PEETERS,"Autoroute E 411 direction Namur / Luxembourg, prendre la sortie n° 6 Wavre, à gauche N 238 direction Wavre. Au rond-	point 2ième sortie N238/Blvd. de l'Europe direction Wavre Centre. Entrer dans Wavre puis à gauche N 238, à gauche N 239. 	Au rond-point prendre la première sortie Rue Haute, continuer sur rue de Bruxelles, continuer sur rue Saint-Roch, continuer 	sur rue Joseph Joppart. Prendre à droite l'avenue du Centre Sportif."
W09,https://www.abssa.org/terrain/W09,W09 (WOLUWE-SAINT-ETIENNE                                        ),Everestraat,1932 Sint Stevens Woluwé-,False,False,,"Autoroute Bruxelles-Liège (E40), sortie Evere. Prendre la chaussée de Louvain, direction Zaventem, durant +/- 800 m. puis prendre à gauche à hauteur du café ""Sporting""."
W10,https://www.abssa.org/terrain/W10,W10 (WOLUWE-SAINT-LAMBERT                                        ),"Avenue J.F. De Becker, 60",1200 Woluwé-Saint-Lambert,True,False,STADE COMMUNAL - FALLON,"Boulevard de la Woluwe, prendre la rue Voot, puis la chaussée de Stockel jusqu'au Petit Pont (terminus bus 28). Avant ce pont le terrain se trouve à gauche."
W11,https://www.abssa.org/terrain/W11,W11 (WOLUWE-SAINT-LAMBERT                                        ),"Avenue A. Dumont, 10",1200 Woluwé-Saint-Lambert,False,False,KAPELLEVELD,"Ring, sortie Kraainem (n° 2) direction UCL par l'avenue de Wezembeek-Oppem et continuer jusqu'au carrefour de l'église de Kapelleveld. Prendre à gauche l'avenue A. Dumont. Terrain se trouve 100 m. plus loin."
W12,https://www.abssa.org/terrain/W12,W12 (WOLUWE-SAINT-PIERRE                                         ),"Avenue Salomé, 2",1150 Woluwé-Saint-Pierre,True,False,CENTRE SPORTIF,"Avenue de Tervuren, direction Tervuren. Passé le boulevard du Souverain prendre à gauche au premier feu de signalisation (Av. Madoux). Au feu de signalisation suivant prendre la 2ème rue à main droite (Av. J. Dujardin). Ensuite 1ère rue à gauche (Av. Salomé)."
W13,https://www.abssa.org/terrain/W13,W13 (WOLUWE-SAINT-PIERRE                                         ),"Chaussée de Stockel, 376",1150 Woluwé-Saint-Pierre,True,False,,"Boulevard de la Woluwe, prendre la rue Voot, puis la chaussée de Stockel. Passer en dessous du petit pont et continuer la chaussée de Stockel pendant env. 500 m. Le terrain est situé sur la droite de la chaussée."
W15,https://www.abssa.org/terrain/W15,W15 (WOLUWE-SAINT-PIERRE                                         ),Rue Kelle,1150 Woluwé-Saint-Pierre,True,False,KELLE (Ancien White Star).,"Avenue de Tervuren, prendre l""avenue Parmentier, puis 1ère rue à main gauche."
W16,https://www.abssa.org/terrain/W16,W16 (WEMMEL                                                      ),"Steenweg naar Brussel, 111",1780 Wemmel,False,False,STADIUM (STADE) VAN LANGENHOVE,"Ring RO, afrit Wemmel-Merchtem (n° 9), richting Merchtem volgen via de Is. Meyskensstraat tot aan de rotonde, op de rotonde de 4de afslag nemen, Diepstraat deze vloeit over in de Steenweg op Brussel, 50 m. voorbij het eerste kruispunt met verkeerslichten, links van de steenweg, bevindt zich het stadium (parking)"
W17,https://www.abssa.org/terrain/W17,W17 (WOLUWE-SAINT-PIERRE                                         ),Avenue Edmond Galopin,1150 Woluwé-Saint-Pierre,False,False,PARC DE WOLUWE,"Du rond-point Montgomery, prendre l'avenue de Tervuren en direction de Tervuren. Passer le square Léopold II et prendre la 2ème rue à droite, l'Avenue Jules César qui devient (vers la gauche) l'Avenue de l'Atlantique. Passer le rond-point et remonter vers l'église du Chant d'Oiseau. Prendre la 3ème rue à gauche, l'Avenue Père Hilaire, puis directement à droite l'Avenue Xavier Henrard. Continuer toujours tout droit et vous arrivez dans le Parc de Woluwé ou vous prenez directement à gauche l'Avenue Louis Fuchs. Continuer tout droit et vous arrivez Avenue Edmond Galopin devant le complexe sportif."
W18,https://www.abssa.org/terrain/W18,W18 (WOLVERTEM                                                   ),"Populierenlaan, 20",1861 Wolvertem,False,False,DE SPORTSCHUUR - SPORTCOMPLEX TEN DRIES,"A partir du Palais des Expostions au Heysel, prendre la Boechoutlaan en direction de Meise.  Continuer tout droit sur la Nieuwelaan (N277) en direction de Wolvertem.
Arrivé au bout de la Nieuwelaan tourner à gauche par la Stationstraat (N211), vers le centre de Wolvertem. Au bout tourner à droite et continuer tout droit sur la Hoogstraat (N259). Au bout suivre le tournant et à env. 200 m. sur le coin de la Populierenlaan et de la Driesstraat se trouve le complexe ""TEN DRIES"".
ou bien:
Prendre la A12 direction Antwerpen-Boom, à proximité de Meise, prendre la sortie n° 3 (Meise, Wolvertem, Grimbergen). Après 200 m. prendre à gauche le Vilvoordsesteenweg (N211/276) sur 150 m. Prendre à droite la Ossegemstraat sur 1,8 km. jusqu'au panneau ""Circulation locale"". Prendre à droite et puis à gauche le Verbindingsweg sur 600 m. A Wolvertem continuer sur la N259 sur env. 150 m."
W19,https://www.abssa.org/terrain/W19,W19 (WEZEMBEEK                                                   ),"Sportpleinstraat, 20",1970 Wezembeek - Oppem,True,False,,"Ring de Bruxelles (RO), sortie n° 2. Prendre la direction Wezembeek-Oppem. Ensuite première rue à droite (Louis Marcelisstraat) puis la troisième à droite (Sportpleinstraat).
L'entrée au terrain se trouve à gauche entre les n° 16 et 24.
Par la ville : A partir du rond point Montgomery, prendre l'Avenue de Broqueville, toujours tout droit. Passez devant le Shopping de Woluwé, toujours tout droit, passez devant le magasin ""Carrefour"", puis au 2ème feu de signalisation prendre à droite et ensuite tout droit. Au bout de la rue prendre à droite, le terrain se trouve à 100 mètres  sur la gauche."
W20,https://www.abssa.org/terrain/W20,W20 (WEMMEL                                                      ),Zijp 101,1780 Wemmel,False,False,Ex. COMPLEXE SIBELGAS,"Via de Ring RO,  Afrit Wemmel-Merchtem (nr. 9) naar centrum toe en vervolgens richting Meise, de Robberechtsstraat volgen, deze gaat over in Zijpstraat, voorbij de bocht, rechts bevind zich het terrein."
Z01,https://www.abssa.org/terrain/Z01,Z01 (ZAVENTEM                                                    ),"J.B. Devlemincklaan, 59",1930 Zaventem,False,False,HOEK-ZAVENTEM,"Au départ de la place Meiser, prendre la chaussée de Louvain jusqu'à hauteur du restaurant ""City Park"" (à gauche après 6 km.). Le terrain est situé à gauche dans la J.B. Devlemincklaan."
